Zip Code,City,County,Population ↓
11368,Corona,Queens County,112750
11208,Brooklyn,Kings County,108180
11385,Ridgewood,Queens County,105521
11373,Elmhurst,Queens County,102618
11226,Brooklyn,Kings County,101053
11236,Brooklyn,Kings County,100082
10467,Bronx,Bronx County,98713
10025,New York,New York County,96988
11207,Brooklyn,Kings County,96801
10314,Staten Island,Richmond County,94355
11220,Brooklyn,Kings County,93008
11219,Brooklyn,Kings County,92283
11221,Brooklyn,Kings County,91236
11214,Brooklyn,Kings County,90796
11230,Brooklyn,Kings County,90245
11234,Brooklyn,Kings County,89976
11206,Brooklyn,Kings County,89949
10456,Bronx,Bronx County,88575
11377,Woodside,Queens County,86977
11212,Brooklyn,Kings County,84006
11233,Brooklyn,Kings County,83125
11235,Brooklyn,Kings County,83069
10458,Bronx,Bronx County,82678
10468,Bronx,Bronx County,81397
11229,Brooklyn,Kings County,81109
11204,Brooklyn,Kings County,80575
10453,Bronx,Bronx County,80385
11223,Brooklyn,Kings County,80113
10457,Bronx,Bronx County,79817
11355,Flushing,Queens County,79495
10452,Bronx,Bronx County,78624
11203,Brooklyn,Kings County,78506
10462,Bronx,Bronx County,77230
10002,New York,New York County,76518
10029,New York,New York County,75614
11375,Forest Hills,Queens County,75212
11218,Brooklyn,Kings County,73318
10466,Bronx,Bronx County,72273
11215,Brooklyn,Kings County,72014
10469,Bronx,Bronx County,71862
11209,Brooklyn,Kings County,71812
10977,Spring Valley,Rockland County,70555
11691,Far Rockaway,Queens County,70365
10463,Bronx,Bronx County,70296
11201,Brooklyn,Kings County,69755
11213,Brooklyn,Kings County,69131
11434,Jamaica,Queens County,68182
10701,Yonkers,Westchester County,68032
11746,Huntington Station,Suffolk County,67663
11372,Jackson Heights,Queens County,67001
10027,New York,New York County,65806
14850,Ithaca,Tompkins County,65740
10023,New York,New York County,65706
11211,Brooklyn,Kings County,65511
11706,Bay Shore,Suffolk County,65437
10472,Bronx,Bronx County,65283
11717,Brentwood,Suffolk County,64969
11432,Jamaica,Queens County,64268
10312,Staten Island,Richmond County,63473
11210,Brooklyn,Kings County,63426
10950,Monroe,Orange County,63011
10024,New York,New York County,62774
11216,Brooklyn,Kings County,62373
10031,New York,New York County,61044
11550,Hempstead,Nassau County,60668
10032,New York,New York County,60480
10473,Bronx,Bronx County,60087
11435,Jamaica,Queens County,59961
10460,Bronx,Bronx County,59852
10033,New York,New York County,58711
11225,Brooklyn,Kings County,58476
10009,New York,New York County,58418
11238,Brooklyn,Kings County,58047
10128,New York,New York County,56695
10306,Staten Island,Richmond County,56232
12550,Newburgh,Orange County,55404
14221,Buffalo,Erie County,55228
14580,Webster,Monroe County,54520
10016,New York,New York County,54369
11758,Massapequa,Nassau County,54201
10003,New York,New York County,53877
12180,Troy,Rensselaer County,53807
11354,Flushing,Queens County,53371
10459,Bronx,Bronx County,51964
10940,Middletown,Orange County,51853
10451,Bronx,Bronx County,51311
11420,South Ozone Park,Queens County,51153
10461,Bronx,Bronx County,50868
10011,New York,New York County,50772
11205,Brooklyn,Kings County,50319
14094,Lockport,Niagara County,50302
11419,South Richmond Hill,Queens County,48096
11590,Westbury,Nassau County,47951
11224,Brooklyn,Kings County,47893
11003,Elmont,Nassau County,47515
10952,Monsey,Rockland County,47509
11374,Rego Park,Queens County,47230
11237,Brooklyn,Kings County,47183
11365,Fresh Meadows,Queens County,46424
10465,Bronx,Bronx County,46311
10028,New York,New York County,45717
11772,Patchogue,Suffolk County,45345
11249,Brooklyn,Kings County,45087
11757,Lindenhurst,Suffolk County,45082
11520,Freeport,Nassau County,44876
10304,Staten Island,Richmond County,44864
11413,Springfield Gardens,Queens County,44832
14075,Hamburg,Erie County,44610
12065,Clifton Park,Saratoga County,44563
14120,North Tonawanda,Niagara County,44414
10455,Bronx,Bronx County,44380
11228,Brooklyn,Kings County,44196
10040,New York,New York County,43653
12601,Poughkeepsie,Dutchess County,43623
10475,Bronx,Bronx County,43517
11580,Valley Stream,Nassau County,43396
11367,Flushing,Queens County,43286
13760,Endicott,Broome County,43240
14450,Fairport,Monroe County,43082
11217,Brooklyn,Kings County,43045
11357,Whitestone,Queens County,42792
10019,New York,New York County,42766
11756,Levittown,Nassau County,42459
14215,Buffalo,Erie County,42368
12603,Poughkeepsie,Dutchess County,42215
10305,Staten Island,Richmond County,42211
11040,New Hyde Park,Nassau County,42140
11801,Hicksville,Nassau County,41967
10801,New Rochelle,Westchester County,41724
10034,New York,New York County,41570
11421,Woodhaven,Queens County,41552
14150,Tonawanda,Erie County,41456
11743,Huntington,Suffolk County,41423
13440,Rome,Oneida County,41198
10573,Port Chester,Westchester County,41139
14609,Rochester,Monroe County,41134
10583,Scarsdale,Westchester County,41107
10454,Bronx,Bronx County,41073
14224,Buffalo,Erie County,40745
10021,New York,New York County,40642
11412,Saint Albans,Queens County,40593
10301,Staten Island,Richmond County,40331
11106,Astoria,Queens County,40198
13501,Utica,Oneida County,40152
11222,Brooklyn,Kings County,40137
10550,Mount Vernon,Westchester County,40073
11704,West Babylon,Suffolk County,39753
14701,Jamestown,Chautauqua County,39481
11378,Maspeth,Queens County,39250
14624,Rochester,Monroe County,39028
11433,Jamaica,Queens County,38865
10705,Yonkers,Westchester County,38861
11231,Brooklyn,Kings County,38829
12866,Saratoga Springs,Saratoga County,38813
11105,Astoria,Queens County,38756
11561,Long Beach,Nassau County,38755
11779,Ronkonkoma,Suffolk County,38654
10035,New York,New York County,38595
13601,Watertown,Jefferson County,38332
11418,Richmond Hill,Queens County,38317
10026,New York,New York County,38265
11379,Middle Village,Queens County,38261
11364,Oakland Gardens,Queens County,38124
11358,Flushing,Queens County,37647
13021,Auburn,Cayuga County,37640
11722,Central Islip,Suffolk County,37032
11554,East Meadow,Nassau County,36856
12590,Wappingers Falls,Dutchess County,36816
13126,Oswego,Oswego County,36278
13027,Baldwinsville,Onondaga County,35432
14612,Rochester,Monroe County,35265
12401,Kingston,Ulster County,35138
14086,Lancaster,Erie County,35121
11510,Baldwin,Nassau County,35070
11710,Bellmore,Nassau County,34950
11103,Astoria,Queens County,34752
10309,Staten Island,Richmond County,34740
12020,Ballston Spa,Saratoga County,34571
11787,Smithtown,Suffolk County,34408
11101,Long Island City,Queens County,34279
14225,Buffalo,Erie County,34063
11566,Merrick,Nassau County,33976
13502,Utica,Oneida County,33962
14534,Pittsford,Monroe County,33914
10022,New York,New York County,33586
10562,Ossining,Westchester County,33538
12309,Schenectady,Schenectady County,33332
14621,Rochester,Monroe County,32976
11735,Farmingdale,Suffolk County,32716
10704,Yonkers,Westchester County,32438
12901,Plattsburgh,Clinton County,32431
10010,New York,New York County,32410
11901,Riverhead,Suffolk County,32330
11422,Rosedale,Queens County,32296
11369,East Elmhurst,Queens County,32177
11050,Port Washington,Nassau County,31920
10030,New York,New York County,31268
11417,Ozone Park,Queens County,31200
10036,New York,New York County,30930
11793,Wantagh,Nassau County,30865
10065,New York,New York County,30859
10956,New City,Rockland County,30738
11731,East Northport,Suffolk County,30714
14127,Orchard Park,Erie County,30652
12203,Albany,Albany County,30545
11414,Howard Beach,Queens County,30374
11803,Plainview,Nassau County,30298
10308,Staten Island,Richmond County,30075
11727,Coram,Suffolk County,30058
11572,Oceanside,Nassau County,29961
11423,Hollis,Queens County,29921
10039,New York,New York County,29887
11763,Medford,Suffolk County,29765
12303,Schenectady,Albany County,29680
11361,Bayside,Queens County,29544
10014,New York,New York County,29461
10013,New York,New York County,29453
13090,Liverpool,Onondaga County,29344
14226,Buffalo,Erie County,29273
11720,Centereach,Suffolk County,29193
14626,Rochester,Monroe County,29138
11542,Glen Cove,Nassau County,29095
10598,Yorktown Heights,Westchester County,29066
11725,Commack,Suffolk County,28735
14304,Niagara Falls,Niagara County,28582
14424,Canandaigua,Ontario County,28582
11570,Rockville Centre,Nassau County,28262
11530,Garden City,Nassau County,28207
11370,East Elmhurst,Queens County,28164
13045,Cortland,Cortland County,28157
11232,Brooklyn,Kings County,28137
12302,Schenectady,Schenectady County,27915
11553,Uniondale,Nassau County,27886
11701,Amityville,Suffolk County,27874
11429,Queens Village,Queens County,27845
12804,Queensbury,Warren County,27805
11416,Ozone Park,Queens County,27794
14606,Rochester,Monroe County,27736
12306,Schenectady,Schenectady County,27735
13905,Binghamton,Broome County,27673
11356,College Point,Queens County,27632
11741,Holbrook,Suffolk County,27632
10954,Nanuet,Rockland County,27587
12553,New Windsor,Orange County,27409
14616,Rochester,Monroe County,27250
12010,Amsterdam,Montgomery County,27213
10303,Staten Island,Richmond County,27083
11102,Astoria,Queens County,27069
10001,New York,New York County,27004
11104,Sunnyside,Queens County,26939
11967,Shirley,Suffolk County,26860
11729,Deer Park,Suffolk County,26608
12205,Albany,Albany County,26436
12533,Hopewell Junction,Dutchess County,26249
10310,Staten Island,Richmond County,26239
11001,Floral Park,Nassau County,26138
10541,Mahopac,Putnam County,26116
10710,Yonkers,Westchester County,26099
11552,West Hempstead,Nassau County,26043
14623,Rochester,Monroe County,25958
11010,Franklin Square,Nassau County,25751
14207,Buffalo,Erie County,25699
11795,West Islip,Suffolk County,25650
11791,Syosset,Nassau County,25631
10901,Suffern,Rockland County,25498
11784,Selden,Suffolk County,25425
10566,Peekskill,Westchester County,25401
11427,Queens Village,Queens County,25187
14228,Buffalo,Erie County,25038
14043,Depew,Erie County,24936
11692,Arverne,Queens County,24584
14620,Rochester,Monroe County,24292
10512,Carmel,Putnam County,24256
14211,Buffalo,Erie County,24143
11776,Port Jefferson Station,Suffolk County,24119
14216,Buffalo,Erie County,24009
14213,Buffalo,Erie County,23980
14220,Buffalo,Erie County,23926
10075,New York,New York County,23920
10591,Tarrytown,Westchester County,23912
14618,Rochester,Monroe County,23783
10703,Yonkers,Westchester County,23565
13850,Vestal,Broome County,23544
13069,Fulton,Oswego County,23378
10038,New York,New York County,23343
12047,Cohoes,Albany County,23293
12078,Gloversville,Fulton County,23144
12208,Albany,Albany County,23128
13208,Syracuse,Onondaga County,23094
14217,Buffalo,Erie County,22921
10471,Bronx,Bronx County,22888
11581,Valley Stream,Nassau County,22770
10708,Bronxville,Westchester County,22595
13820,Oneonta,Otsego County,22500
14223,Buffalo,Erie County,22482
11714,Bethpage,Nassau County,22444
14020,Batavia,Genesee County,22442
11762,Massapequa Park,Nassau County,22440
14214,Buffalo,Erie County,22113
10552,Mount Vernon,Westchester County,22099
11726,Copiague,Suffolk County,22059
11563,Lynbrook,Nassau County,22055
14617,Rochester,Monroe County,21990
11783,Seaford,Nassau County,21916
13088,Liverpool,Onondaga County,21914
12304,Schenectady,Schenectady County,21901
12144,Rensselaer,Rensselaer County,21808
11694,Rockaway Park,Queens County,21788
14206,Buffalo,Erie County,21726
11501,Mineola,Nassau County,21434
14072,Grand Island,Erie County,21416
11436,Jamaica,Queens County,21349
11768,Northport,Suffolk County,21333
11411,Cambria Heights,Queens County,21329
14227,Buffalo,Erie County,21329
10543,Mamaroneck,Westchester County,21281
10012,New York,New York County,21216
11937,East Hampton,Suffolk County,21040
14218,Buffalo,Erie County,20936
14845,Horseheads,Chemung County,20756
10805,New Rochelle,Westchester County,20736
13212,Syracuse,Onondaga County,20638
10990,Warwick,Orange County,20527
11415,Kew Gardens,Queens County,20315
11738,Farmingville,Suffolk County,20077
10567,Cortlandt Manor,Westchester County,20069
13901,Binghamton,Broome County,19979
14420,Brockport,Monroe County,19945
10509,Brewster,Putnam County,19832
10605,White Plains,Westchester County,19800
14456,Geneva,Ontario County,19796
14051,East Amherst,Erie County,19747
12110,Latham,Albany County,19744
14526,Penfield,Monroe County,19738
11426,Bellerose,Queens County,19733
11360,Bayside,Queens County,19719
11021,Great Neck,Nassau County,19623
11747,Melville,Suffolk County,19605
12589,Wallkill,Ulster County,19584
11428,Queens Village,Queens County,19554
13204,Syracuse,Onondaga County,19550
11790,Stony Brook,Suffolk County,19282
10603,White Plains,Westchester County,19239
12508,Beacon,Dutchess County,19152
13210,Syracuse,Onondaga County,19144
10037,New York,New York County,19138
14830,Corning,Steuben County,19127
11575,Roosevelt,Nassau County,19102
14468,Hilton,Monroe County,18866
13790,Johnson City,Broome County,18584
10302,Staten Island,Richmond County,18567
12477,Saugerties,Ulster County,18557
13903,Binghamton,Broome County,18483
12189,Watervliet,Albany County,18461
11754,Kings Park,Suffolk County,18431
11362,Little Neck,Queens County,18426
14615,Rochester,Monroe County,18393
14559,Spencerport,Monroe County,18375
11798,Wyandanch,Suffolk County,18355
12831,Gansevoort,Saratoga County,18318
12561,New Paltz,Ulster County,18136
10580,Rye,Westchester County,18077
13205,Syracuse,Onondaga County,18069
12534,Hudson,Columbia County,17792
14611,Rochester,Monroe County,17753
14052,East Aurora,Erie County,17694
14760,Olean,Cattaraugus County,17675
10538,Larchmont,Westchester County,17605
11946,Hampton Bays,Suffolk County,17517
11703,North Babylon,Suffolk County,17414
14607,Rochester,Monroe County,17319
11733,East Setauket,Suffolk County,17304
11030,Manhasset,Nassau County,17168
13039,Cicero,Onondaga County,17033
11788,Hauppauge,Suffolk County,17017
12054,Delmar,Albany County,16995
13203,Syracuse,Onondaga County,16884
11239,Brooklyn,Kings County,16808
13104,Manlius,Onondaga County,16753
13206,Syracuse,Onondaga County,16713
14305,Niagara Falls,Niagara County,16605
12118,Mechanicville,Saratoga County,16557
10606,White Plains,Westchester County,16429
11950,Mastic,Suffolk County,16379
13413,New Hartford,Oneida County,16282
13662,Massena,St. Lawrence County,16117
13669,Ogdensburg,St. Lawrence County,16044
14564,Victor,Ontario County,16006
10549,Mount Kisco,Westchester County,15800
14222,Buffalo,Erie County,15744
13031,Camillus,Onondaga County,15741
11004,Glen Oaks,Queens County,15702
10965,Pearl River,Rockland County,15666
11780,Saint James,Suffolk County,15617
12524,Fishkill,Dutchess County,15609
13219,Syracuse,Onondaga County,15557
10470,Bronx,Bronx County,15390
14210,Buffalo,Erie County,15382
12019,Ballston Lake,Saratoga County,15280
14613,Rochester,Monroe County,15132
11782,Sayville,Suffolk County,15113
10804,New Rochelle,Westchester County,15036
11951,Mastic Beach,Suffolk County,14969
14901,Elmira,Chemung County,14906
14048,Dunkirk,Chautauqua County,14859
12206,Albany,Albany County,14793
12182,Troy,Rensselaer County,14790
10307,Staten Island,Richmond County,14755
12801,Glens Falls,Warren County,14754
11598,Woodmere,Nassau County,14531
10941,Middletown,Orange County,14502
11767,Nesconset,Suffolk County,14493
10017,New York,New York County,14486
12771,Port Jervis,Orange County,14454
12308,Schenectady,Schenectady County,14367
13057,East Syracuse,Onondaga County,14329
13215,Syracuse,Onondaga County,14317
14904,Elmira,Chemung County,14285
10960,Nyack,Rockland County,14222
13676,Potsdam,St. Lawrence County,14179
11730,East Islip,Suffolk County,14168
10530,Hartsdale,Westchester County,14090
14619,Rochester,Monroe County,14073
12538,Hyde Park,Dutchess County,14066
13603,Watertown,Jefferson County,14050
11702,Babylon,Suffolk County,14044
14610,Rochester,Monroe County,14033
10924,Goshen,Orange County,13965
14513,Newark,Wayne County,13835
12839,Hudson Falls,Washington County,13764
10980,Stony Point,Rockland County,13702
11953,Middle Island,Suffolk County,13701
11366,Fresh Meadows,Queens County,13659
11968,Southampton,Suffolk County,13623
11693,Far Rockaway,Queens County,13558
11751,Islip,Suffolk County,13501
11742,Holtsville,Suffolk County,13448
12528,Highland,Ulster County,13358
10528,Harrison,Westchester County,13352
12953,Malone,Franklin County,13323
14212,Buffalo,Erie County,13295
10803,Pelham,Westchester County,13283
12211,Albany,Albany County,13254
14425,Farmington,Ontario County,13201
11949,Manorville,Suffolk County,13194
13209,Syracuse,Onondaga County,13171
10570,Pleasantville,Westchester County,13168
11961,Ridge,Suffolk County,13126
14063,Fredonia,Chautauqua County,13123
11753,Jericho,Nassau County,13087
13815,Norwich,Chenango County,12925
13032,Canastota,Madison County,12902
14527,Penn Yan,Yates County,12870
10514,Chappaqua,Westchester County,12867
13421,Oneida,Madison County,12857
12586,Walden,Orange County,12802
13207,Syracuse,Onondaga County,12784
14622,Rochester,Monroe County,12770
13066,Fayetteville,Onondaga County,12752
14586,West Henrietta,Monroe County,12720
11764,Miller Place,Suffolk County,12711
10520,Croton On Hudson,Westchester County,12662
14201,Buffalo,Erie County,12623
14411,Albion,Orleans County,12608
12095,Johnstown,Fulton County,12586
11576,Roslyn,Nassau County,12506
11778,Rocky Point,Suffolk County,12496
14519,Ontario,Wayne County,12480
14608,Rochester,Monroe County,12470
12701,Monticello,Sullivan County,12448
14843,Hornell,Steuben County,12418
12566,Pine Bush,Ulster County,12407
11577,Roslyn Heights,Nassau County,12399
10927,Haverstraw,Rockland County,12286
11755,Lake Grove,Suffolk County,12227
10918,Chester,Orange County,12152
14301,Niagara Falls,Niagara County,12151
13617,Canton,St. Lawrence County,12124
11545,Glen Head,Nassau County,12068
13041,Clay,Onondaga County,11902
10044,New York,New York County,11846
14208,Buffalo,Erie County,11820
10604,West Harrison,Westchester County,11799
13827,Owego,Tioga County,11770
14004,Alden,Erie County,11658
12188,Waterford,Saratoga County,11615
10970,Pomona,Rockland County,11571
10522,Dobbs Ferry,Westchester County,11508
14810,Bath,Steuben County,11484
11766,Mount Sinai,Suffolk County,11476
13492,Whitesboro,Oneida County,11395
14605,Rochester,Monroe County,11348
10474,Bronx,Bronx County,11280
10601,White Plains,Westchester County,11193
13323,Clinton,Oneida County,11151
14454,Geneseo,Livingston County,11058
11740,Greenlawn,Suffolk County,11010
13078,Jamesville,Onondaga County,10867
13148,Seneca Falls,Seneca County,10854
14219,Buffalo,Erie County,10854
10536,Katonah,Westchester County,10797
14103,Medina,Orleans County,10783
12549,Montgomery,Orange County,10635
13619,Carthage,Jefferson County,10625
14032,Clarence Center,Erie County,10572
10553,Mount Vernon,Westchester County,10526
14092,Lewiston,Niagara County,10522
11596,Williston Park,Nassau County,10520
14625,Rochester,Monroe County,10445
10510,Briarcliff Manor,Westchester County,10435
12209,Albany,Albany County,10427
14467,Henrietta,Monroe County,10381
10930,Highland Mills,Orange County,10326
13357,Ilion,Herkimer County,10301
11518,East Rockaway,Nassau County,10294
10992,Washingtonville,Orange County,10284
10707,Tuckahoe,Westchester County,10209
12061,East Greenbush,Rensselaer County,10179
14502,Macedon,Wayne County,10135
10709,Eastchester,Westchester County,10085
11716,Bohemia,Suffolk County,10074
11771,Oyster Bay,Nassau County,10068
12414,Catskill,Greene County,10065
14870,Painted Post,Steuben County,9970
12210,Albany,Albany County,9873
12202,Albany,Albany County,9700
11023,Great Neck,Nassau County,9699
13350,Herkimer,Herkimer County,9695
14031,Clarence,Erie County,9685
13037,Chittenango,Madison County,9669
14059,Elma,Erie County,9629
12569,Pleasant Valley,Dutchess County,9603
12828,Fort Edward,Washington County,9590
14522,Palmyra,Wayne County,9575
11096,Inwood,Nassau County,9567
13165,Waterloo,Seneca County,9511
13904,Binghamton,Broome County,9499
14006,Angola,Erie County,9402
10523,Elmsford,Westchester County,9389
12540,Lagrangeville,Dutchess County,9297
12572,Rhinebeck,Dutchess County,9287
11777,Port Jefferson,Suffolk County,9257
13642,Gouverneur,St. Lawrence County,9237
12571,Red Hook,Dutchess County,9235
11797,Woodbury,Nassau County,9203
14001,Akron,Erie County,9199
14437,Dansville,Livingston County,9168
14895,Wellsville,Allegany County,9168
11752,Islip Terrace,Suffolk County,9164
14472,Honeoye Falls,Monroe County,9139
11024,Great Neck,Nassau County,9105
11769,Oakdale,Suffolk County,9081
10706,Hastings On Hudson,Westchester County,9068
13036,Central Square,Oswego County,9020
11565,Malverne,Nassau County,9013
11713,Bellport,Suffolk County,8905
13214,Syracuse,Onondaga County,8899
13224,Syracuse,Onondaga County,8881
14905,Elmira,Chemung County,8852
10280,New York,New York County,8843
12803,South Glens Falls,Saratoga County,8828
10005,New York,New York County,8801
11559,Lawrence,Nassau County,8732
12204,Albany,Albany County,8728
13367,Lowville,Lewis County,8682
14209,Buffalo,Erie County,8677
12159,Slingerlands,Albany County,8663
11558,Island Park,Nassau County,8660
10018,New York,New York County,8659
10989,Valley Cottage,Rockland County,8651
10920,Congers,Rockland County,8605
11792,Wading River,Suffolk County,8595
13035,Cazenovia,Madison County,8476
11516,Cedarhurst,Nassau County,8450
13365,Little Falls,Herkimer County,8449
11963,Sag Harbor,Suffolk County,8445
10923,Garnerville,Rockland County,8419
11705,Bayport,Suffolk County,8409
14482,Le Roy,Genesee County,8393
13244,Syracuse,Onondaga County,8384
12009,Altamont,Albany County,8322
14085,Lake View,Erie County,8298
11557,Hewlett,Nassau County,8290
10579,Putnam Valley,Putnam County,8171
10504,Armonk,Westchester County,8047
14068,Getzville,Erie County,7990
13029,Brewerton,Onondaga County,7878
12721,Bloomingburg,Sullivan County,7872
12307,Schenectady,Schenectady County,7863
14589,Williamson,Wayne County,7838
12754,Liberty,Sullivan County,7800
11934,Center Moriches,Suffolk County,7778
12043,Cobleskill,Schoharie County,7719
14011,Attica,Wyoming County,7711
12564,Pawling,Dutchess County,7700
13152,Skaneateles,Onondaga County,7700
12563,Patterson,Putnam County,7691
14445,East Rochester,Monroe County,7689
14057,Eden,Erie County,7688
14204,Buffalo,Erie County,7666
10547,Mohegan Lake,Westchester County,7665
14470,Holley,Orleans County,7654
12033,Castleton On Hudson,Rensselaer County,7640
13732,Apalachin,Tioga County,7607
14892,Waverly,Tioga County,7552
10007,New York,New York County,7506
14141,Springville,Erie County,7492
13340,Frankfort,Herkimer County,7479
11789,Sound Beach,Suffolk County,7434
10590,South Salem,Westchester County,7407
13114,Mexico,Oswego County,7397
10533,Irvington,Westchester County,7388
11363,Little Neck,Queens County,7365
12983,Saranac Lake,Franklin County,7336
13202,Syracuse,Onondaga County,7331
12018,Averill Park,Rensselaer County,7300
14428,Churchville,Monroe County,7297
12184,Valatie,Columbia County,7288
11109,Long Island City,Queens County,7280
10595,Valhalla,Westchester County,7213
10589,Somers,Westchester County,7159
12198,Wynantskill,Rensselaer County,7150
11507,Albertson,Nassau County,7111
14903,Elmira,Chemung County,7090
13403,Marcy,Oneida County,7087
14489,Lyons,Wayne County,7054
12972,Peru,Clinton County,7049
11560,Locust Valley,Nassau County,7043
12428,Ellenville,Ulster County,7032
11933,Calverton,Suffolk County,6975
12570,Poughquag,Dutchess County,6923
12305,Schenectady,Schenectady County,6922
14779,Salamanca,Cattaraugus County,6899
14414,Avon,Livingston County,6783
10607,White Plains,Westchester County,6764
11709,Bayville,Nassau County,6763
12077,Glenmont,Albany County,6752
14132,Sanborn,Niagara County,6689
14464,Hamlin,Monroe County,6656
13077,Homer,Cortland County,6646
11721,Centerport,Suffolk County,6569
11786,Shoreham,Suffolk County,6559
14886,Trumansburg,Tompkins County,6544
13073,Groton,Tompkins County,6514
14530,Perry,Wyoming County,6498
12832,Granville,Washington County,6486
10282,New York,New York County,6450
13902,Binghamton,Broome County,6405
10507,Bedford Hills,Westchester County,6403
14569,Warsaw,Wyoming County,6387
10996,West Point,Orange County,6386
12222,Albany,Albany County,6358
10994,West Nyack,Rockland County,6357
14568,Walworth,Wayne County,6349
10506,Bedford,Westchester County,6340
12186,Voorheesville,Albany County,6325
13135,Phoenix,Oswego County,6296
11971,Southold,Suffolk County,6286
13108,Marcellus,Onondaga County,6284
12834,Greenwich,Washington County,6261
10069,New York,New York County,6259
13346,Hamilton,Madison County,6244
12822,Corinth,Saratoga County,6200
14070,Gowanda,Cattaraugus County,6186
12582,Stormville,Dutchess County,6168
14303,Niagara Falls,Niagara County,6159
14047,Derby,Erie County,6147
10577,Purchase,Westchester County,6145
11020,Great Neck,Nassau County,6145
13339,Fort Plain,Montgomery County,6084
13856,Walton,Delaware County,6063
14706,Allegany,Cattaraugus County,6051
12051,Coxsackie,Greene County,6050
12158,Selkirk,Albany County,6045
13142,Pulaski,Oswego County,6044
13865,Windsor,Broome County,6000
13211,Syracuse,Onondaga County,5968
14469,Bloomfield,Ontario County,5937
13316,Camden,Oneida County,5912
14514,North Chili,Monroe County,5899
12518,Cornwall,Orange County,5861
13118,Moravia,Cayuga County,5811
13309,Boonville,Oneida County,5805
12090,Hoosick Falls,Rensselaer County,5782
13166,Weedsport,Cayuga County,5758
10502,Ardsley,Westchester County,5745
14174,Youngstown,Niagara County,5698
10983,Tappan,Rockland County,5670
14487,Livonia,Livingston County,5661
11942,East Quogue,Suffolk County,5620
14837,Dundee,Yates County,5596
13753,Delhi,Delaware County,5593
10516,Cold Spring,Putnam County,5585
10594,Thornwood,Westchester County,5565
14432,Clifton Springs,Ontario County,5520
12542,Marlboro,Ulster County,5490
14009,Arcade,Wyoming County,5477
11940,East Moriches,Suffolk County,5462
12143,Ravena,Albany County,5443
14036,Corfu,Genesee County,5406
12986,Tupper Lake,Franklin County,5356
13778,Greene,Chenango County,5349
10913,Blauvelt,Rockland County,5286
14108,Newfane,Niagara County,5263
14801,Addison,Steuben County,5263
13605,Adams,Jefferson County,5261
12025,Broadalbin,Fulton County,5260
13159,Tully,Onondaga County,5243
14867,Newfield,Tompkins County,5242
12833,Greenfield Center,Saratoga County,5233
11952,Mattituck,Suffolk County,5231
12170,Stillwater,Saratoga County,5225
10928,Highland Falls,Orange County,5208
14131,Ransomville,Niagara County,5182
11980,Yaphank,Suffolk County,5144
13407,Mohawk,Herkimer County,5140
14105,Middleport,Niagara County,5128
10962,Orangeburg,Rockland County,5125
14590,Wolcott,Wayne County,5123
14136,Silver Creek,Chautauqua County,5122
12084,Guilderland,Albany County,5069
11579,Sea Cliff,Nassau County,5062
12962,Morrisonville,Clinton County,5051
13733,Bainbridge,Chenango County,5049
10532,Hawthorne,Westchester County,5040
11514,Carle Place,Nassau County,5040
14572,Wayland,Steuben County,4979
10560,North Salem,Westchester County,4975
14551,Sodus,Wayne County,4956
14727,Cuba,Allegany County,4939
12123,Nassau,Rensselaer County,4938
13624,Clayton,Jefferson County,4933
13830,Oxford,Chenango County,4933
10576,Pound Ridge,Westchester County,4927
14546,Scottsville,Monroe County,4920
14423,Caledonia,Livingston County,4906
14505,Marion,Wayne County,4896
12446,Kerhonkson,Ulster County,4894
13452,Saint Johnsville,Fulton County,4874
14512,Naples,Ontario County,4855
14261,Buffalo,Erie County,4818
11944,Greenport,Suffolk County,4799
12883,Ticonderoga,Essex County,4797
13068,Freeville,Tompkins County,4778
14510,Mount Morris,Livingston County,4778
12522,Dover Plains,Dutchess County,4775
12946,Lake Placid,Essex County,4774
14787,Westfield,Chautauqua County,4756
10993,West Haverstraw,Rockland County,4738
12887,Whitehall,Washington County,4720
13053,Dryden,Tompkins County,4717
13326,Cooperstown,Otsego County,4698
12816,Cambridge,Washington County,4626
12498,Woodstock,Ulster County,4580
10004,New York,New York County,4579
12157,Schoharie,Schoharie County,4574
12845,Lake George,Warren County,4573
14802,Alfred,Allegany County,4563
12580,Staatsburg,Dutchess County,4556
14871,Pine City,Chemung County,4551
14883,Spencer,Tioga County,4540
12545,Millbrook,Dutchess County,4521
14750,Lakewood,Chautauqua County,4521
13637,Evans Mills,Jefferson County,4493
10925,Greenwood Lake,Orange County,4466
13074,Hannibal,Oswego County,4453
10548,Montrose,Westchester County,4446
10916,Campbell Hall,Orange County,4445
11804,Old Bethpage,Nassau County,4443
13308,Blossvale,Oneida County,4429
13849,Unadilla,Otsego County,4424
14891,Watkins Glen,Schuyler County,4416
12885,Warrensburg,Warren County,4411
14042,Delevan,Cattaraugus County,4403
12148,Rexford,Saratoga County,4371
10963,Otisville,Orange County,4347
10524,Garrison,Putnam County,4344
13140,Port Byron,Cayuga County,4335
11954,Montauk,Suffolk County,4322
12134,Northville,Hamilton County,4304
13833,Port Crane,Broome County,4297
13460,Sherburne,Chenango County,4293
10464,Bronx,Bronx County,4292
13803,Marathon,Cortland County,4278
11568,Old Westbury,Nassau County,4272
10921,Florida,Orange County,4268
14433,Clyde,Wayne County,4265
12053,Delanson,Schenectady County,4253
12027,Burnt Hills,Saratoga County,4244
12790,Wurtsboro,Sullivan County,4226
14080,Holland,Erie County,4215
12871,Schuylerville,Saratoga County,4197
12015,Athens,Greene County,4135
13811,Newark Valley,Tioga County,4120
12594,Wingdale,Dutchess County,4117
14737,Franklinville,Cattaraugus County,4105
14485,Lima,Livingston County,4102
12037,Chatham,Columbia County,4083
14548,Shortsville,Ontario County,4042
14067,Gasport,Niagara County,4028
13030,Bridgeport,Madison County,4008
13317,Canajoharie,Montgomery County,4002
14772,Randolph,Cattaraugus County,3993
13838,Sidney,Delaware County,3984
13456,Sauquoit,Oneida County,3977
11978,Westhampton Beach,Suffolk County,3969
12196,West Sand Lake,Rensselaer County,3954
13634,Dexter,Jefferson County,3947
11697,Breezy Point,Queens County,3946
12487,Ulster Park,Ulster County,3935
10926,Harriman,Orange County,3909
12083,Greenville,Greene County,3900
12944,Keeseville,Essex County,3887
12404,Accord,Ulster County,3864
12758,Livingston Manor,Sullivan County,3857
13491,West Winfield,Otsego County,3853
14823,Canisteo,Steuben County,3851
14532,Phelps,Ontario County,3849
11796,West Sayville,Suffolk County,3843
10987,Tuxedo Park,Orange County,3809
13084,La Fayette,Onondaga County,3801
14416,Bergen,Genesee County,3800
11715,Blue Point,Suffolk County,3786
12992,West Chazy,Clinton County,3774
13748,Conklin,Broome County,3760
14025,Boston,Erie County,3754
13082,Kirkville,Madison County,3750
10006,New York,New York County,3736
13439,Richfield Springs,Otsego County,3715
13862,Whitney Point,Broome County,3702
14882,Lansing,Tompkins County,3678
12827,Fort Ann,Washington County,3673
13655,Hogansburg,Franklin County,3669
14202,Buffalo,Erie County,3664
13033,Cato,Cayuga County,3661
14541,Romulus,Seneca County,3660
13116,Minoa,Onondaga County,3652
12809,Argyle,Washington County,3612
12122,Middleburgh,Schoharie County,3585
12443,Hurley,Ulster County,3582
14125,Oakfield,Genesee County,3580
11749,Islandia,Suffolk County,3568
13329,Dolgeville,Fulton County,3555
10998,Westtown,Orange County,3548
11732,East Norwich,Nassau County,3546
14738,Frewsburg,Chautauqua County,3542
11719,Brookhaven,Suffolk County,3519
12526,Germantown,Columbia County,3519
13080,Jordan,Onondaga County,3519
12458,Napanoch,Ulster County,3501
13132,Pennellville,Oswego County,3495
12865,Salem,Washington County,3448
12929,Dannemora,Clinton County,3433
13480,Waterville,Oneida County,3426
14719,Cattaraugus,Cattaraugus County,3398
13743,Candor,Tioga County,3394
13408,Morrisville,Madison County,3383
12484,Stone Ridge,Ulster County,3373
14521,Ovid,Seneca County,3366
10974,Sloatsburg,Rockland County,3335
14821,Campbell,Steuben County,3333
10588,Shrub Oak,Westchester County,3296
14812,Beaver Dams,Schuyler County,3286
13354,Holland Patent,Oneida County,3285
12547,Milton,Ulster County,3277
14062,Forestville,Chautauqua County,3251
13656,La Fargeville,Jefferson County,3230
14543,Rush,Monroe County,3217
13668,Norwood,St. Lawrence County,3200
12449,Lake Katrine,Ulster County,3193
14757,Mayville,Chautauqua County,3183
11718,Brightwaters,Suffolk County,3181
13667,Norfolk,St. Lawrence County,3171
12075,Ghent,Columbia County,3159
13461,Sherrill,Oneida County,3158
12966,North Bangor,Franklin County,3152
14111,North Collins,Erie County,3150
14098,Lyndonville,Orleans County,3146
12413,Cairo,Greene County,3144
12543,Maybrook,Orange County,3135
11964,Shelter Island,Suffolk County,3129
14710,Ashville,Chautauqua County,3125
13691,Theresa,Jefferson County,3123
13131,Parish,Oswego County,3115
14733,Falconer,Chautauqua County,3104
13417,New York Mills,Oneida County,3103
14172,Wilson,Niagara County,3091
14712,Bemus Point,Chautauqua County,3089
12520,Cornwall On Hudson,Orange County,3088
10984,Thiells,Rockland County,3079
11977,Westhampton,Suffolk County,3069
13787,Harpursville,Broome County,3067
13825,Otego,Otsego County,3058
13478,Verona,Oneida County,3040
14807,Arkport,Steuben County,3034
13044,Constantia,Oswego County,3026
14012,Barker,Niagara County,3020
12846,Lake Luzerne,Warren County,3004
13438,Remsen,Oneida County,2994
12072,Fultonville,Montgomery County,2992
13167,West Monroe,Oswego County,2982
12514,Clinton Corners,Dutchess County,2980
13476,Vernon,Oneida County,2975
12183,Troy,Albany County,2968
10537,Lake Peekskill,Putnam County,2961
12074,Galway,Saratoga County,2956
14724,Clymer,Chautauqua County,2955
13795,Kirkwood,Broome County,2954
10958,New Hampton,Orange County,2925
12138,Petersburg,Rensselaer County,2922
14817,Brooktondale,Tompkins County,2911
14081,Irving,Erie County,2910
14809,Avoca,Steuben County,2905
14627,Rochester,Monroe County,2892
14770,Portville,Allegany County,2888
13332,Earlville,Madison County,2878
11724,Cold Spring Harbor,Suffolk County,2874
13730,Afton,Chenango County,2871
12921,Chazy,Clinton County,2870
14755,Little Valley,Cattaraugus County,2858
11955,Moriches,Suffolk County,2857
11935,Cutchogue,Suffolk County,2847
12788,Woodbourne,Sullivan County,2841
12154,Schaghticoke,Rensselaer County,2820
13602,Fort Drum,Jefferson County,2798
14517,Nunda,Livingston County,2776
13411,New Berlin,Otsego County,2743
14726,Conewango Valley,Cattaraugus County,2743
14471,Honeoye,Ontario County,2735
13060,Elbridge,Onondaga County,2731
12850,Middle Grove,Saratoga County,2729
13092,Locke,Cayuga County,2726
14735,Fillmore,Allegany County,2725
13164,Warners,Onondaga County,2720
12117,Mayfield,Fulton County,2716
12919,Champlain,Clinton County,2716
13612,Black River,Jefferson County,2703
12546,Millerton,Dutchess County,2700
14604,Rochester,Monroe County,2682
12094,Johnsonville,Rensselaer County,2676
13471,Taberg,Oneida County,2656
13754,Deposit,Broome County,2656
14865,Montour Falls,Schuyler County,2647
14739,Friendship,Allegany County,2627
13040,Cincinnatus,Cortland County,2620
12918,Cadyville,Clinton County,2607
13613,Brasher Falls,St. Lawrence County,2604
14716,Brocton,Chautauqua County,2602
12531,Holmes,Dutchess County,2590
14715,Bolivar,Allegany County,2579
14840,Hammondsport,Steuben County,2577
14775,Ripley,Chautauqua County,2565
12835,Hadley,Saratoga County,2545
14525,Pavilion,Genesee County,2536
12979,Rouses Point,Clinton County,2534
14034,Collins,Erie County,2513
12068,Fonda,Montgomery County,2509
11549,Hempstead,Nassau County,2508
14516,North Rose,Wayne County,2505
12070,Fort Johnson,Montgomery County,2499
11941,Eastport,Suffolk County,2493
10968,Piermont,Rockland County,2474
12775,Rock Hill,Sullivan County,2474
14476,Kendall,Orleans County,2461
11976,Water Mill,Suffolk County,2437
12920,Chateaugay,Franklin County,2429
13606,Adams Center,Jefferson County,2423
13076,Hastings,Oswego County,2416
12167,Stamford,Schoharie County,2414
13101,McGraw,Cortland County,2410
13363,Lee Center,Oneida County,2409
14847,Interlaken,Seneca County,2409
14058,Elba,Genesee County,2408
12981,Saranac,Clinton County,2397
14203,Buffalo,Erie County,2390
13110,Marietta,Onondaga County,2389
10973,Slate Hill,Orange County,2388
14561,Stanley,Ontario County,2382
13654,Heuvelton,St. Lawrence County,2380
12821,Comstock,Washington County,2378
12916,Brushton,Franklin County,2375
12023,Berne,Albany County,2374
13734,Barton,Tioga County,2372
12121,Melrose,Rensselaer County,2358
13143,Red Creek,Wayne County,2354
12567,Pine Plains,Dutchess County,2347
12207,Albany,Albany County,2337
12789,Woodridge,Sullivan County,2336
13783,Hancock,Delaware County,2331
13658,Lisbon,St. Lawrence County,2326
12926,Constable,Franklin County,2325
12779,South Fallsburg,Sullivan County,2304
12529,Hillsdale,Columbia County,2296
14435,Conesus,Livingston County,2296
13812,Nichols,Tioga County,2293
13626,Copenhagen,Lewis County,2282
10511,Buchanan,Westchester County,2281
13424,Oriskany,Oneida County,2274
12780,Sparrow Bush,Orange County,2268
14767,Panama,Chautauqua County,2265
13160,Union Springs,Cayuga County,2262
13646,Hammond,St. Lawrence County,2257
14879,Savona,Steuben County,2254
14744,Houghton,Allegany County,2250
13416,Newport,Herkimer County,2235
11548,Greenvale,Nassau County,2230
13327,Croghan,Lewis County,2230
14170,West Falls,Erie County,2223
13120,Nedrow,Onondaga County,2218
14813,Belmont,Allegany County,2213
12149,Richmondville,Schoharie County,2208
13493,Williamstown,Oswego County,2205
14560,Springwater,Ontario County,2202
14853,Ithaca,Tompkins County,2202
13685,Sackets Harbor,Jefferson County,2187
13146,Savannah,Wayne County,2176
11005,Floral Park,Queens County,2175
12106,Kinderhook,Columbia County,2171
14743,Hinsdale,Cattaraugus County,2171
12501,Amenia,Dutchess County,2170
13156,Sterling,Cayuga County,2169
14782,Sinclairville,Chautauqua County,2169
13673,Philadelphia,Jefferson County,2163
14544,Rushville,Yates County,2157
14806,Andover,Allegany County,2149
12759,Loch Sheldrake,Sullivan County,2145
13746,Chenango Forks,Broome County,2142
11439,Jamaica,Queens County,2140
14838,Erin,Chemung County,2133
12578,Salt Point,Dutchess County,2125
13843,South New Berlin,Otsego County,2094
13320,Cherry Valley,Otsego County,2085
14005,Alexander,Genesee County,2085
13495,Yorkville,Oneida County,2081
14139,South Wales,Erie County,2074
14747,Kennedy,Chautauqua County,2073
12776,Roscoe,Delaware County,2072
12466,Port Ewen,Ulster County,2070
13620,Castorland,Lewis County,2066
13797,Lisle,Broome County,2061
12491,West Hurley,Ulster County,2059
10976,Sparkill,Rockland County,2056
12974,Port Henry,Essex County,2054
13459,Sharon Springs,Schoharie County,2048
14030,Chaffee,Erie County,2045
12581,Stanfordville,Dutchess County,2041
12173,Stuyvesant,Columbia County,2038
12137,Pattersonville,Schenectady County,2035
12056,Duanesburg,Schenectady County,2029
12747,Hurleyville,Sullivan County,2026
14718,Cassadaga,Chautauqua County,2024
13034,Cayuga,Cayuga County,2022
13699,Potsdam,St. Lawrence County,2021
13042,Cleveland,Oneida County,2012
13648,Harrisville,Lewis County,2007
12057,Eagle Bridge,Washington County,1997
12733,Fallsburg,Sullivan County,1996
14873,Prattsburgh,Steuben County,1995
13083,Lacona,Oswego County,1989
12523,Elizaville,Columbia County,1986
13622,Chaumont,Jefferson County,1985
12996,Willsboro,Essex County,1983
12604,Poughkeepsie,Dutchess County,1978
13409,Munnsville,Madison County,1976
12052,Cropseyville,Rensselaer County,1974
10917,Central Valley,Orange County,1969
13809,Mount Upton,Otsego County,1964
12197,Worcester,Otsego County,1951
12817,Chestertown,Warren County,1951
14711,Belfast,Allegany County,1943
10526,Goldens Bridge,Westchester County,1939
13431,Poland,Herkimer County,1939
13616,Calcium,Jefferson County,1936
14826,Cohocton,Steuben County,1923
13304,Barneveld,Oneida County,1919
14741,Great Valley,Cattaraugus County,1887
12910,Altona,Clinton County,1886
13697,Winthrop,St. Lawrence County,1879
12928,Crown Point,Essex County,1869
14167,Varysburg,Wyoming County,1866
14138,South Dayton,Cattaraugus County,1864
12516,Copake,Columbia County,1859
12859,Porter Corners,Saratoga County,1855
13660,Madrid,St. Lawrence County,1849
12431,Freehold,Greene County,1845
14101,Machias,Cattaraugus County,1843
12066,Esperance,Montgomery County,1834
12583,Tivoli,Dutchess County,1832
12958,Mooers,Clinton County,1829
14781,Sherman,Chautauqua County,1827
13661,Mannsville,Jefferson County,1825
14533,Piffard,Livingston County,1822
13608,Antwerp,Jefferson County,1818
13618,Cape Vincent,Jefferson County,1814
12060,East Chatham,Columbia County,1813
12455,Margaretville,Delaware County,1810
12912,Au Sable Forks,Clinton County,1809
13736,Berkshire,Tioga County,1807
13775,Franklin,Delaware County,1806
14040,Darien Center,Genesee County,1799
13652,Hermon,St. Lawrence County,1796
13111,Martville,Cayuga County,1790
10578,Purdys,Westchester County,1788
12185,Valley Falls,Rensselaer County,1785
14814,Big Flats,Chemung County,1784
12723,Callicoon,Sullivan County,1776
14481,Leicester,Livingston County,1775
14818,Burdett,Schuyler County,1765
13052,De Ruyter,Madison County,1763
14422,Byron,Genesee County,1763
13425,Oriskany Falls,Oneida County,1762
12486,Tillson,Ulster County,1760
12748,Jeffersonville,Sullivan County,1751
13607,Alexandria Bay,Jefferson County,1750
12168,Stephentown,Rensselaer County,1749
12155,Schenevus,Otsego County,1748
14065,Freedom,Cattaraugus County,1747
14013,Basom,Genesee County,1744
12525,Gardiner,Ulster County,1739
13026,Aurora,Cayuga County,1737
13112,Memphis,Onondaga County,1728
14427,Castile,Wyoming County,1721
12764,Narrowsburg,Sullivan County,1713
12903,Plattsburgh,Clinton County,1705
14466,Hemlock,Ontario County,1697
13063,Fabius,Onondaga County,1696
12740,Grahamsville,Ulster County,1695
12941,Jay,Essex County,1692
12870,Schroon Lake,Essex County,1690
11509,Atlantic Beach,Nassau County,1682
12193,Westerlo,Albany County,1674
14477,Kent,Orleans County,1672
13348,Hartwick,Otsego County,1669
12062,East Nassau,Rensselaer County,1662
13324,Cold Brook,Herkimer County,1653
12086,Hagaman,Saratoga County,1648
12957,Moira,Franklin County,1647
13433,Port Leyden,Lewis County,1647
14024,Bliss,Wyoming County,1637
13485,West Edmeston,Madison County,1635
12993,Westport,Essex County,1634
12737,Glen Spey,Sullivan County,1625
13343,Glenfield,Lewis County,1625
12959,Mooers Forks,Clinton County,1618
12521,Craryville,Columbia County,1607
14171,West Valley,Cattaraugus County,1605
12092,Howes Cave,Schoharie County,1604
14091,Lawtons,Erie County,1600
13145,Sandy Creek,Oswego County,1595
14008,Appleton,Niagara County,1594
12575,Rock Tavern,Orange County,1584
14591,Wyoming,Wyoming County,1573
12515,Clintondale,Ulster County,1567
11939,East Marion,Suffolk County,1564
12565,Philmont,Columbia County,1559
14028,Burt,Niagara County,1556
12577,Salisbury Mills,Orange County,1552
13625,Colton,St. Lawrence County,1551
14898,Woodhull,Steuben County,1549
14803,Alfred Station,Allegany County,1546
14504,Manchester,Ontario County,1534
13428,Palatine Bridge,Montgomery County,1533
10986,Tomkins Cove,Rockland County,1529
10964,Palisades,Rockland County,1525
10162,New York,New York County,1523
14880,Scio,Allegany County,1520
14804,Almond,Allegany County,1507
12166,Sprakers,Montgomery County,1505
12192,West Coxsackie,Greene County,1496
13801,McDonough,Chenango County,1496
12440,High Falls,Ulster County,1493
12481,Shokan,Ulster County,1493
14102,Marilla,Erie County,1488
13477,Vernon Center,Oneida County,1485
14869,Odessa,Schuyler County,1471
12937,Fort Covington,Franklin County,1464
14033,Colden,Erie County,1460
12067,Feura Bush,Albany County,1457
14055,East Concord,Erie County,1455
13328,Deansboro,Oneida County,1451
13630,De Kalb Junction,St. Lawrence County,1443
14894,Wellsburg,Chemung County,1440
12592,Wassaic,Dutchess County,1429
11794,Stony Brook,Suffolk County,1425
12059,East Berne,Albany County,1417
10501,Amawalk,Westchester County,1416
12140,Poestenkill,Rensselaer County,1412
12783,Swan Lake,Sullivan County,1409
12935,Ellenburg Depot,Clinton County,1406
13315,Burlington Flats,Otsego County,1404
11739,Great River,Suffolk County,1400
13680,Rensselaer Falls,St. Lawrence County,1398
14858,Lindley,Steuben County,1395
12093,Jefferson,Schoharie County,1385
12729,Cuddebackville,Orange County,1382
13024,Auburn,Cayuga County,1380
14778,Saint Bonaventure,Cattaraugus County,1380
12853,North Creek,Warren County,1379
13808,Morris,Otsego County,1379
13302,Altmar,Oswego County,1377
12461,Olivebridge,Ulster County,1371
14478,Keuka Park,Yates County,1369
13744,Castle Creek,Broome County,1359
12726,Cochecton,Sullivan County,1357
14054,East Bethany,Genesee County,1356
13335,Edmeston,Otsego County,1355
13650,Henderson,Jefferson County,1355
13158,Truxton,Cortland County,1352
12116,Maryland,Otsego County,1351
12430,Fleischmanns,Greene County,1341
12463,Palenville,Greene County,1341
12468,Prattsville,Greene County,1325
12977,Ray Brook,Essex County,1324
13144,Richland,Oswego County,1323
13839,Sidney Center,Delaware County,1319
13469,Stittville,Oneida County,1317
12496,Windham,Greene County,1311
14571,Waterport,Orleans County,1306
13835,Richford,Tioga County,1301
14129,Perrysburg,Cattaraugus County,1300
13807,Milford,Otsego County,1296
13303,Ava,Oneida County,1295
10922,Fort Montgomery,Orange County,1289
12457,Mount Tremper,Ulster County,1283
12087,Hannacroix,Greene County,1279
13757,East Meredith,Delaware County,1274
12076,Gilboa,Schoharie County,1271
14889,Van Etten,Chemung County,1270
13810,Mount Vision,Otsego County,1260
10919,Circleville,Orange County,1256
12423,East Durham,Greene County,1255
13694,Waddington,St. Lawrence County,1253
12956,Mineville,Essex County,1248
13464,Smyrna,Chenango County,1245
13635,Edwards,St. Lawrence County,1244
13338,Forestport,Herkimer County,1242
14709,Angelica,Allegany County,1240
14550,Silver Springs,Wyoming County,1233
12917,Burke,Franklin County,1232
12967,North Lawrence,St. Lawrence County,1226
11957,Orient,Suffolk County,1220
14731,Ellicottville,Cattaraugus County,1220
13054,Durhamville,Oneida County,1218
14109,Niagara University,Niagara County,1218
12997,Wilmington,Essex County,1217
14145,Strykersville,Wyoming County,1206
14555,Sodus Point,Wayne County,1203
12934,Ellenburg Center,Clinton County,1197
14556,Sonyea,Livingston County,1184
13490,Westmoreland,Oneida County,1181
12472,Rosendale,Ulster County,1177
13684,Russell,St. Lawrence County,1172
12058,Earlton,Greene County,1163
12504,Annandale On Hudson,Dutchess County,1152
12751,Kiamesha Lake,Sullivan County,1151
13864,Willseyville,Tioga County,1148
12502,Ancram,Columbia County,1147
14859,Lockwood,Tioga County,1141
13355,Hubbardsville,Madison County,1139
14861,Lowman,Chemung County,1138
12814,Bolton Landing,Warren County,1135
10505,Baldwin Place,Westchester County,1132
12719,Barryville,Sullivan County,1132
10931,Hillburn,Rockland County,1131
13813,Nineveh,Broome County,1131
13473,Turin,Lewis County,1128
14614,Rochester,Monroe County,1126
13368,Lyons Falls,Lewis County,1121
14860,Lodi,Seneca County,1121
12980,Saint Regis Falls,Franklin County,1118
13081,King Ferry,Cayuga County,1114
14740,Gerry,Chautauqua County,1112
11569,Point Lookout,Nassau County,1110
13679,Redwood,Jefferson County,1108
14418,Branchport,Yates County,1103
12815,Brant Lake,Warren County,1099
12464,Phoenicia,Ulster County,1093
14066,Gainesville,Wyoming County,1093
12125,New Lebanon,Columbia County,1092
13420,Old Forge,Herkimer County,1092
12932,Elizabethtown,Essex County,1090
12824,Diamond Point,Warren County,1088
13402,Madison,Madison County,1087
12028,Buskirk,Washington County,1082
13802,Maine,Broome County,1079
12913,Bloomingdale,Franklin County,1077
12548,Modena,Ulster County,1074
13322,Clayville,Herkimer County,1073
14143,Stafford,Genesee County,1058
13318,Cassville,Oneida County,1056
14507,Middlesex,Yates County,1054
14728,Dewittville,Chautauqua County,1049
12451,Leeds,Greene County,1044
12785,Westbrookville,Sullivan County,1041
12022,Berlin,Rensselaer County,1038
14864,Millport,Chemung County,1033
11932,Bridgehampton,Suffolk County,1032
12427,Elka Park,Greene County,1025
10546,Millwood,Westchester County,1022
12734,Ferndale,Sullivan County,1016
14723,Cherry Creek,Chautauqua County,1012
13731,Andes,Delaware County,1002
10969,Pine Island,Orange County,999
13796,Laurens,Otsego County,996
12029,Canaan,Columbia County,991
12434,Grand Gorge,Delaware County,984
13122,New Woodstock,Madison County,982
13681,Richville,St. Lawrence County,971
12989,Vermontville,Franklin County,970
14037,Cowlesville,Wyoming County,963
11960,Remsenburg,Suffolk County,962
13788,Hobart,Delaware County,959
12409,Bearsville,Ulster County,958
14846,Hunt,Livingston County,952
14753,Limestone,Cattaraugus County,950
13334,Eaton,Madison County,943
12970,Paul Smiths,Franklin County,937
13147,Scipio Center,Cayuga County,929
13325,Constableville,Lewis County,929
12985,Schuyler Falls,Clinton County,915
12485,Tannersville,Greene County,904
12960,Moriah,Essex County,900
11958,Peconic,Suffolk County,893
12765,Neversink,Sullivan County,891
13755,Downsville,Delaware County,888
12863,Rock City Falls,Saratoga County,883
12419,Cottekill,Ulster County,881
12837,Hampton,Washington County,879
12914,Bombay,Franklin County,876
12873,Shushan,Washington County,875
12417,Connelly,Ulster County,873
12151,Round Lake,Saratoga County,871
14855,Jasper,Steuben County,871
14720,Celoron,Chautauqua County,870
13752,Delancey,Delaware County,868
12768,Parksville,Sullivan County,866
12494,West Shokan,Ulster County,865
13071,Genoa,Cayuga County,864
13780,Guilford,Chenango County,862
14878,Rock Stream,Schuyler County,858
12474,Roxbury,Delaware County,856
14822,Canaseraga,Allegany County,850
14842,Himrod,Yates County,847
12777,Forestburgh,Sullivan County,846
13682,Rodman,Jefferson County,845
12930,Dickinson Center,Franklin County,843
12585,Verbank,Dutchess County,842
13072,Georgetown,Madison County,838
13310,Bouckville,Madison County,837
14836,Dalton,Livingston County,835
12160,Sloansville,Schoharie County,834
12156,Schodack Landing,Rensselaer County,831
10518,Cross River,Westchester County,830
12732,Eldred,Sullivan County,830
14729,East Otto,Cattaraugus County,813
13665,Natural Bridge,Lewis County,812
14260,Buffalo,Erie County,812
13028,Bernhards Bay,Oswego County,809
12469,Preston Hollow,Albany County,803
13321,Clark Mills,Oneida County,803
14462,Groveland,Livingston County,803
13739,Bloomville,Delaware County,801
10596,Verplanck,Westchester County,796
12136,Old Chatham,Columbia County,790
12503,Ancramdale,Columbia County,787
12470,Purling,Greene County,778
13690,Star Lake,St. Lawrence County,773
14824,Cayuta,Schuyler County,768
12878,Stony Creek,Warren County,767
14805,Alpine,Schuyler County,765
14825,Chemung,Chemung County,755
14784,Stockton,Chautauqua County,750
14841,Hector,Schuyler County,743
11930,Amagansett,Suffolk County,741
12857,Olmstedville,Essex County,738
13486,Westernville,Oneida County,738
12032,Caroga Lake,Hamilton County,737
13454,Salisbury Center,Herkimer County,732
13782,Hamden,Delaware County,730
12456,Mount Marion,Ulster County,728
14815,Bradford,Schuyler County,727
12838,Hartford,Washington County,721
14897,Whitesville,Allegany County,716
13750,Davenport,Delaware County,711
13470,Stratford,Fulton County,710
11765,Mill Neck,Nassau County,708
12842,Indian Lake,Hamilton County,705
12153,Sand Lake,Rensselaer County,703
12187,Warnerville,Schoharie County,701
12175,Summit,Schoharie County,700
14506,Mendon,Monroe County,700
13756,East Branch,Delaware County,694
12791,Youngsville,Sullivan County,690
12847,Long Lake,Hamilton County,687
14113,North Java,Wyoming County,686
14877,Rexville,Steuben County,684
10988,Unionville,Orange County,683
12843,Johnsburg,Warren County,678
12936,Essex,Essex County,671
14082,Java Center,Wyoming County,671
12950,Lewis,Essex County,668
12473,Round Top,Greene County,663
13361,Jordanville,Herkimer County,661
12766,North Branch,Sullivan County,658
13141,Preble,Cortland County,655
13337,Fly Creek,Otsego County,653
14769,Portland,Chautauqua County,651
12442,Hunter,Greene County,648
14536,Portageville,Wyoming County,643
10597,Waccabuc,Westchester County,642
12190,Wells,Hamilton County,641
13844,South Plymouth,Chenango County,638
12120,Medusa,Albany County,635
11959,Quogue,Suffolk County,632
14069,Glenwood,Erie County,630
12433,Glenford,Ulster County,628
13061,Erieville,Madison County,627
14819,Cameron,Steuben County,625
14777,Rushford,Allegany County,613
13842,South Kortright,Delaware County,610
12063,East Schodack,Rensselaer County,609
10527,Granite Springs,Westchester County,608
12746,Huguenot,Orange County,600
13313,Bridgewater,Oneida County,597
14816,Breesport,Chemung County,595
14839,Greenwood,Steuben County,594
12884,Victory Mills,Saratoga County,591
12406,Arkville,Ulster County,590
14885,Troupsburg,Steuben County,590
12150,Rotterdam Junction,Schenectady County,589
12174,Stuyvesant Falls,Columbia County,588
14480,Lakeville,Livingston County,588
13615,Brownville,Jefferson County,586
11547,Glenwood Landing,Nassau County,585
12432,Glasco,Ulster County,581
13621,Chase Mills,St. Lawrence County,578
12786,White Lake,Sullivan County,568
13155,South Otselic,Chenango County,567
14717,Caneadea,Allegany County,564
11970,South Jamesport,Suffolk County,563
13740,Bovina Center,Delaware County,560
12861,Putnam Station,Washington County,556
12405,Acra,Greene County,550
12482,South Cairo,Greene County,550
13319,Chadwicks,Oneida County,550
14808,Atlanta,Steuben County,550
14714,Black Creek,Allegany County,544
14872,Pine Valley,Chemung County,542
12749,Kauneonga Lake,Sullivan County,539
12444,Jewett,Greene County,538
12412,Boiceville,Ulster County,537
12810,Athol,Warren County,537
13410,Nelliston,Montgomery County,536
11948,Laurel,Suffolk County,535
13157,Sylvan Beach,Oneida County,535
14754,Little Genesee,Allegany County,534
13489,West Leyden,Lewis County,533
14820,Cameron Mills,Steuben County,531
12945,Lake Clear,Franklin County,528
12046,Coeymans Hollow,Albany County,519
12942,Keene,Essex County,516
12923,Churubusco,Clinton County,506
14026,Bowmansville,Erie County,506
13687,South Colton,St. Lawrence County,505
14748,Kill Buck,Cattaraugus County,505
12823,Cossayuna,Washington County,502
13406,Middleville,Herkimer County,492
11965,Shelter Island Heights,Suffolk County,491
12164,Speculator,Hamilton County,485
12035,Central Bridge,Schoharie County,484
12069,Fort Hunter,Montgomery County,483
13841,Smithville Flats,Chenango County,483
13863,Willet,Cortland County,473
12763,Mountain Dale,Sullivan County,470
12045,Coeymans,Albany County,467
12836,Hague,Warren County,461
12475,Ruby,Ulster County,460
12454,Maplecrest,Greene County,456
14126,Olcott,Niagara County,456
12177,Tribes Hill,Montgomery County,455
13483,Westdale,Oneida County,454
13861,West Oneonta,Otsego County,454
13832,Plymouth,Chenango County,449
12130,Niverville,Columbia County,431
14441,Dresden,Yates County,431
12436,Haines Falls,Greene County,430
12008,Alplaus,Schenectady County,427
11975,Wainscott,Suffolk County,426
12760,Long Eddy,Delaware County,425
12849,Middle Granville,Washington County,425
12017,Austerlitz,Columbia County,419
10517,Crompond,Westchester County,417
11972,Speonk,Suffolk County,413
12147,Rensselaerville,Albany County,412
13162,Verona Beach,Oneida County,409
12108,Lake Pleasant,Hamilton County,408
13664,Morristown,St. Lawrence County,404
13776,Gilbertsville,Otsego County,404
12778,Smallwood,Sullivan County,402
10933,Johnson,Orange County,401
12422,Durham,Greene County,398
13777,Glen Aubrey,Broome County,396
14549,Silver Lake,Wyoming County,390
14511,Mumford,Monroe County,385
10914,Blooming Grove,Orange County,384
12465,Pine Hill,Ulster County,384
12517,Copake Falls,Columbia County,384
13670,Oswegatchie,St. Lawrence County,383
12169,Stephentown,Rensselaer County,379
13659,Lorraine,Jefferson County,379
12411,Bloomington,Ulster County,377
13672,Parishville,St. Lawrence County,376
13638,Felts Mills,Jefferson County,372
13846,Treadwell,Delaware County,369
12176,Surprise,Greene County,366
13786,Harpersfield,Delaware County,366
12852,Newcomb,Essex County,365
12860,Pottersville,Warren County,364
12769,Phillipsport,Sullivan County,363
12738,Glen Wild,Sullivan County,359
14060,Farmersville Station,Allegany County,356
12420,Cragsmoor,Ulster County,351
12762,Mongaup Valley,Sullivan County,350
12812,Blue Mountain Lake,Hamilton County,349
12955,Lyon Mountain,Clinton County,345
13614,Brier Hill,St. Lawrence County,345
11962,Sagaponack,Suffolk County,344
13472,Thendara,Herkimer County,340
13153,Skaneateles Falls,Onondaga County,337
11430,Jamaica,Queens County,332
13163,Wampsville,Madison County,332
12410,Big Indian,Ulster County,329
13136,Pitcher,Chenango County,329
12007,Alcove,Albany County,325
12924,Keeseville,Clinton County,325
12480,Shandaken,Greene County,324
12493,West Park,Ulster County,324
12725,Claryville,Ulster County,323
12041,Clarksville,Albany County,319
12851,Minerva,Essex County,319
13633,De Peyster,St. Lawrence County,318
11042,New Hyde Park,Nassau County,317
12856,North River,Warren County,313
13611,Belleville,Jefferson County,312
12743,Highland Lake,Sullivan County,310
13312,Brantingham,Lewis County,308
13437,Redfield,Oswego County,307
11956,New Suffolk,Suffolk County,305
14884,Swain,Allegany County,303
12752,Lake Huntington,Sullivan County,302
13640,Wellesley Island,Jefferson County,302
14463,Hall,Ontario County,302
12943,Keene Valley,Essex County,300
14475,Ionia,Ontario County,298
12042,Climax,Greene County,297
12439,Hensonville,Greene County,297
12927,Cranberry Lake,St. Lawrence County,295
12418,Cornwallville,Greene County,294
12998,Witherbee,Essex County,294
13693,Three Mile Bay,Jefferson County,294
13784,Harford,Cortland County,294
12574,Rhinecliff,Dutchess County,293
12844,Kattskill Bay,Washington County,293
13468,Springfield Center,Otsego County,291
14774,Richburg,Allegany County,290
12139,Piseco,Hamilton County,286
12819,Clemons,Washington County,286
12530,Hollowville,Columbia County,283
13117,Montezuma,Cayuga County,279
13342,Garrattsville,Otsego County,275
13435,Prospect,Oneida County,275
12720,Bethel,Sullivan County,274
12965,Nicholville,St. Lawrence County,272
12471,Rifton,Ulster County,268
13628,Deferiet,Jefferson County,268
12862,Riparius,Warren County,266
12952,Lyon Mountain,Clinton County,265
12424,East Jewett,Greene County,261
12978,Redford,Clinton County,256
12085,Guilderland Center,Albany County,255
14486,Linwood,Livingston County,255
12064,East Worcester,Otsego County,254
13450,Roseboom,Otsego County,252
14881,Slaterville Springs,Tompkins County,250
10975,Southfields,Orange County,246
12124,New Baltimore,Greene County,246
12453,Malden On Hudson,Ulster County,240
12507,Barrytown,Dutchess County,238
13364,Leonardsville,Madison County,232
12435,Greenfield Park,Ulster County,231
12886,Wevertown,Warren County,231
14166,Van Buren Point,Chautauqua County,231
14752,Lily Dale,Chautauqua County,230
13860,West Davenport,Delaware County,228
13103,Mallory,Oswego County,226
12767,Obernburg,Sullivan County,225
12811,Bakers Mills,Warren County,225
13115,Minetto,Oswego County,225
12421,Denver,Delaware County,224
13065,Fayette,Seneca County,222
13441,Rome,Oneida County,222
13494,Woodgate,Oneida County,222
13806,Meridale,Delaware County,222
12450,Lanesville,Greene County,221
12036,Charlotteville,Schoharie County,220
12969,Owls Head,Franklin County,219
12071,Fultonham,Schoharie County,217
13666,Newton Falls,St. Lawrence County,216
13692,Thousand Island Park,Jefferson County,216
12460,Oak Hill,Albany County,215
10535,Jefferson Valley,Westchester County,214
13062,Etna,Tompkins County,212
13418,North Brookfield,Madison County,212
12172,Stottville,Columbia County,211
12975,Port Kent,Essex County,210
13751,Davenport Center,Delaware County,209
12855,North Hudson,Essex County,207
14302,Niagara Falls,Niagara County,206
12416,Chichester,Ulster County,205
10545,Maryknoll,Westchester County,203
12781,Summitville,Sullivan County,202
12808,Adirondack,Warren County,201
13305,Beaver Falls,Lewis County,201
13695,Wanakena,St. Lawrence County,200
12165,Spencertown,Columbia County,198
12742,Harris,Sullivan County,194
14056,East Pembroke,Genesee County,194
12031,Carlisle,Schoharie County,191
13804,Masonville,Delaware County,190
14722,Chautauqua,Chautauqua County,189
12131,North Blenheim,Schoharie County,188
14173,Yorkshire,Cattaraugus County,188
14539,Retsof,Livingston County,187
12195,West Lebanon,Columbia County,184
12512,Chelsea,Dutchess County,184
12492,West Kill,Greene County,181
12770,Pond Eddy,Sullivan County,180
12194,West Fulton,Schoharie County,177
13636,Ellisburg,Jefferson County,177
12976,Rainbow Lake,Franklin County,175
13345,Greig,Lewis County,175
14721,Ceres,Allegany County,175
13696,West Stockholm,St. Lawrence County,174
14413,Alton,Wayne County,174
12973,Piercefield,St. Lawrence County,169
12741,Hankins,Sullivan County,168
12792,Yulan,Sullivan County,167
10279,New York,New York County,161
13087,Little York,Cortland County,161
13301,Alder Creek,Oneida County,156
14585,West Bloomfield,Ontario County,156
12874,Silver Bay,Warren County,155
14708,Alma,Allegany County,155
14874,Pulteney,Steuben County,155
12489,Wawarsing,Ulster County,154
12513,Claverack,Columbia County,154
14736,Findley Lake,Chautauqua County,154
11947,Jamesport,Suffolk County,153
12429,Esopus,Ulster County,153
13314,Brookfield,Madison County,153
12987,Upper Jay,Essex County,152
13647,Hannawa Falls,St. Lawrence County,150
13774,Fishs Eddy,Delaware County,148
12858,Paradox,Essex County,146
12448,Lake Hill,Ulster County,142
12939,Gabriels,Franklin County,141
13488,Westford,Otsego County,141
14135,Sheridan,Chautauqua County,141
13138,Pompey,Onondaga County,139
14515,North Greece,Monroe County,138
13674,Pierrepont Manor,Jefferson County,137
12132,North Chatham,Columbia County,133
12407,Ashland,Greene County,132
13134,Peterboro,Madison County,132
14041,Dayton,Cattaraugus County,132
14785,Stow,Chautauqua County,130
13360,Inlet,Hamilton County,128
14783,Steamburg,Cattaraugus County,128
13404,Martinsburg,Lewis County,127
14415,Bellona,Yates County,127
13651,Henderson Harbor,Jefferson County,126
10519,Croton Falls,Westchester County,122
12736,Fremont Center,Sullivan County,122
14557,South Byron,Genesee County,121
13834,Portlandville,Otsego County,118
14537,Port Gibson,Ontario County,117
10540,Lincolndale,Westchester County,114
14592,York,Livingston County,113
11770,Ocean Beach,Suffolk County,112
14130,Pike,Wyoming County,112
14545,Scottsburg,Livingston County,108
13020,Apulia Station,Onondaga County,107
13436,Raquette Lake,Hamilton County,107
13632,Depauville,Jefferson County,107
12441,Highmount,Delaware County,105
13678,Raymondville,St. Lawrence County,105
14788,Westons Mills,Cattaraugus County,104
12872,Severance,Essex County,103
12820,Cleverdale,Warren County,102
13124,North Pitcher,Chenango County,102
13859,Wells Bridge,Otsego County,101
12854,North Granville,Washington County,98
14479,Knowlesville,Orleans County,98
12787,White Sulphur Springs,Sullivan County,97
12961,Moriah Center,Essex County,97
12964,New Russia,Essex County,96
12115,Malden Bridge,Columbia County,95
12841,Huletts Landing,Washington County,95
14854,Jacksonville,Tompkins County,95
10503,Ardsley On Hudson,Westchester County,94
14061,Farnham,Erie County,93
14707,Allentown,Allegany County,93
13826,Ouaquaga,Broome County,91
14742,Greenhurst,Chautauqua County,90
12495,Willow,Ulster County,87
12024,Brainard,Columbia County,83
13415,New Lisbon,Otsego County,82
14169,Wales Center,Erie County,80
12724,Callicoon Center,Sullivan County,78
14168,Versailles,Cattaraugus County,77
14134,Sardinia,Erie County,72
12483,Spring Glen,Sullivan County,71
14039,Dale,Wyoming County,70
13331,Eagle Bay,Herkimer County,69
12459,New Kingston,Delaware County,68
13683,Rooseveltown,St. Lawrence County,66
13482,West Burlington,Otsego County,63
13675,Plessis,Jefferson County,61
14035,Collins Center,Erie County,61
13643,Great Bend,Jefferson County,60
12915,Brainardsville,Franklin County,58
13333,East Springfield,Otsego County,57
13641,Fishers Landing,Jefferson County,54
14112,North Evans,Erie County,54
6390,Fishers Island,Suffolk County,53
13102,McLean,Tompkins County,52
13113,Meridian,Cayuga County,52
13623,Chippewa Bay,St. Lawrence County,51
12438,Halcottsville,Delaware County,48
14529,Perkinsville,Steuben County,48
13455,Sangerfield,Oneida County,46
13738,Blodgett Mills,Cortland County,44
10932,Howells,Orange County,43
10985,Thompson Ridge,Orange County,42
13353,Hoffmeister,Hamilton County,41
11973,Upton,Suffolk County,39
13475,Van Hornesville,Herkimer County,39
12922,Childwold,St. Lawrence County,37
13051,Delphi Falls,Onondaga County,37
13649,Helena,St. Lawrence County,37
12750,Kenoza Lake,Sullivan County,36
12161,South Bethlehem,Albany County,35
13154,South Butler,Wayne County,34
14027,Brant,Erie County,34
14893,Wayne,Steuben County,34
12544,Mellenville,Columbia County,33
13123,North Bay,Oneida County,32
13457,Schuyler Lake,Otsego County,32
14029,Centerville,Allegany County,31
13352,Hinckley,Oneida County,29
13484,West Eaton,Madison County,29
13747,Colliersville,Otsego County,29
12040,Cherry Plain,Rensselaer County,28
12452,Lexington,Greene County,27
12933,Ellenburg,Clinton County,27
13639,Fine,St. Lawrence County,24
13814,North Norwich,Chenango County,18
14732,Ellington,Chautauqua County,18
13847,Trout Creek,Delaware County,17
12527,Glenham,Dutchess County,16
14827,Coopers Plains,Steuben County,16
10911,Bear Mountain,Rockland County,12
14083,Java Village,Wyoming County,10
12864,Sabael,Hamilton County,9
12745,Hortonville,Sullivan County,5
12082,Grafton,Rensselaer County,2
10020,New York,New York County,0
10103,New York,New York County,0
10110,New York,New York County,0
10111,New York,New York County,0
10112,New York,New York County,0
10115,New York,New York County,0
10119,New York,New York County,0
10152,New York,New York County,0
10153,New York,New York County,0
10154,New York,New York County,0
10165,New York,New York County,0
10167,New York,New York County,0
10168,New York,New York County,0
10169,New York,New York County,0
10170,New York,New York County,0
10171,New York,New York County,0
10172,New York,New York County,0
10173,New York,New York County,0
10174,New York,New York County,0
10177,New York,New York County,0
10199,New York,New York County,0
10271,New York,New York County,0
10278,New York,New York County,0
10311,Staten Island,Richmond County,0
10542,Mahopac Falls,Putnam County,0
10910,Arden,Orange County,0
10915,Bullville,Orange County,0
10953,Mountainville,Orange County,0
10979,Sterling Forest,Orange County,0
11359,Bayside,Queens County,0
11371,Flushing,Queens County,0
11424,Jamaica,Queens County,0
11451,Jamaica,Queens County,0
11556,Uniondale,Nassau County,0
11931,Aquebogue,Suffolk County,0
12226,Albany,Albany County,0
12490,West Camp,Ulster County,0
12722,Burlingham,Sullivan County,0
12784,Thompsonville,Sullivan County,0
12911,Keeseville,Clinton County,0
13119,Mottville,Onondaga County,0
13121,New Haven,Oswego County,0
13290,Syracuse,Onondaga County,0
13645,Hailesboro,St. Lawrence County,0
14453,Fishers,Ontario County,0
14542,Rose,Wayne County,0
14588,Willard,Seneca County,0
14642,Rochester,Monroe County,0
14756,Maple Springs,Chautauqua County,0
14856,Kanona,Steuben County,0
